"x","y","label"
89.22,24.03,1
-9.23,115.14,1
71.87,37.36,1
89.05,13.75,1
91.11,-33.07,1
-74.26,41.25,1
112.59,0.26,1
55.63,-77.81,1
80.79,-72.67,1
-111.62,32.42,1
4.83,103.68,1
-48.47,81.69,1
-94.78,54.21,1
10.6,110.14,1
-106.81,-21.67,1
-84.81,-40.93,1
-4.6,-112.14,1
-67.59,80.18,1
79.31,59.23,1
-26.38,-88.75,1
14.1,-88.72,1
-40.14,102.08,1
12.09,-92.47,1
-79.91,55.41,1
97.8,-11.99,1
83.47,43.15,1
50.13,80.18,1
44.9,-87.59,1
-50.81,-91.22,1
75.95,-56.87,1
-113.09,32.98,1
78.98,-66.44,1
3.89,-83.35,1
78.34,-79.46,1
-94.03,-26.9,1
-55.79,73.61,1
28.3,105.6,1
90.17,69.9,1
78.81,47.43,1
-125.04,-31.11,1
-75.15,35.37,1
-108.87,-29.44,1
-45.14,103.03,1
66.33,-90.17,1
94.31,43.58,1
-91.52,-27.31,1
92.21,-32.25,1
-8.28,-89.25,1
11.65,-107.63,1
85.04,11.56,1
-86.53,-33.68,1
44.06,92.06,1
5.32,104.73,1
-90.27,10.77,1
63.06,78.18,1
88.3,28.03,1
77.57,20.15,1
81.31,82.66,1
-78.06,-32.67,1
-40.84,-109.47,1
104.63,-25.84,1
106.72,2.09,1
8.34,106.55,1
107.96,-27.95,1
-71.52,-76.07,1
-80.9,50.37,1
-107.87,1.68,1
-48.28,90.64,1
-91.2,35.37,1
-74.07,-60.1,1
99.94,-10.55,1
74.87,26.65,1
-41.81,-88.88,1
-101.5,-0.95,1
59.73,-68.32,1
90.28,29.49,1
-90.97,28.17,1
101.73,4.04,1
83.05,42.63,1
32.52,108.2,1
98.05,-9.51,1
-88.39,-10.77,1
102.3,-55.94,1
-78.42,-37.78,1
91.33,3.17,1
-14.25,-96.7,1
57.45,-66.15,1
82.19,7.53,1
-88.42,-60.2,1
76.7,-65.82,1
-27.63,94.9,1
-95.76,-6.98,1
-17.78,94.58,1
64.41,-89.67,1
105.1,-42.98,1
-88.48,42.54,1
65.29,-59.32,1
53.7,-92.68,1
52.17,-103.07,1
-102.78,58.11,1
-20.93,-93.13,1
-24.42,-101.84,1
4.47,-107.7,1
21.28,-102.5,1
95.66,-28.4,1
-3.1,105.35,1
47.57,-94.87,1
7.69,-99.6,1
-70.72,88.31,1
-35.24,95.73,1
-109.58,-22.57,1
56.16,94.98,1
-78.94,-55.58,1
-88.19,-28.32,1
95.23,21.05,1
84.28,-46.3,1
-98.42,-4.12,1
-56.36,86.92,1
-86.67,-61.21,1
-50.36,89.34,1
84.54,-20.56,1
84.18,15.92,1
-92,-62.53,1
-27.6,-87.51,1
97.44,-8.54,1
-72.77,77.36,1
-101.44,57.87,1
-6.82,-96.31,1
23.1,89.52,1
-67.53,-76.97,1
8.41,97.61,1
-106.56,25.56,1
50.76,87.44,1
-109.64,-14.88,1
-96.03,-72.08,1
45.17,-106.76,1
-105.45,54,1
-82.2,24.77,1
-4.96,102.93,1
-61.17,-72.63,1
-5.68,-93.69,1
37.39,-73.01,1
75.21,-64.51,1
81.6,-29.83,1
95.05,33.91,1
-55.03,73.1,1
-38.68,87.83,1
91.83,20.83,1
-72.23,-70.97,1
-13.17,96.13,1
95.7,30.73,1
84.28,66.02,1
55.59,92.33,1
-16.51,94.1,1
-86.05,-45.83,1
-96.56,-25.55,1
76.8,-50.13,1
16.8,-102.84,1
73.87,66.69,1
19.68,-110.5,1
-92.71,60.83,1
-34.53,98.23,1
-121.48,4.09,1
-15.38,102.69,1
-34.35,-96.61,1
-107.53,-18.93,1
-59.84,-68.77,1
-74.84,-47.96,1
93.33,-28.33,1
48.12,-74.8,1
83.71,-26.01,1
-45.66,-86.54,1
87.89,-45.36,1
86.71,-35.27,1
-59.54,-58.44,1
-42.51,90.42,1
-106.1,-7.27,1
-62.86,86.3,1
89.49,-54.25,1
-54.64,-75.11,1
74.91,-41.81,1
98.3,-30.89,1
-41.64,-92.12,1
39.54,84.36,1
-98.33,22.11,1
79.17,52.3,1
-76.82,69.34,1
-91.91,66.44,1
-91.79,3.72,1
-64.79,69.26,1
106.94,10.72,1
-8.5,-87.95,1
18.45,-107.52,1
24.25,103.92,1
4.2,102.39,1
-3.7,94.66,1
-36.54,-99.14,1
-41,-73.05,1
101.81,-25.5,1
79.34,-92.69,1
91.76,24.57,1
10.8,-95.57,1
52.94,66.01,1
-61.24,75.15,1
-83.16,-33.87,1
-34.53,80.93,1
96.52,-24.62,1
113.2,-17.26,1
-8.72,-111.31,1
102.13,22.98,1
5.96,99.05,1
59.19,-89.73,1
54.16,-76.3,1
85.31,-66.39,1
-52.13,-87.7,1
-35.92,107.64,1
90.66,-13.01,1
27.93,100.66,1
98.81,52.26,1
6.92,100.26,1
66.43,-84.49,1
-52.78,69.71,1
56.45,-83.06,1
-33.59,-84.75,1
-91.5,68.01,1
-67.55,78.55,1
-54.12,76.08,1
1.59,-98.23,1
76.84,63.04,1
61.83,65.99,1
-17.48,95.12,1
-14.61,90.46,1
-62.96,81.74,1
35.4,90.6,1
-4.61,79.2,1
76.63,-52.78,1
-88.91,0.88,1
38.19,91.06,1
-79.97,65.37,1
109.99,-10.37,1
45.38,-86.93,1
93.74,-0.71,1
-57.56,66,1
84.85,58.94,1
17.49,104.35,1
45.86,-93.87,1
-89.02,-61.59,1
-76.08,-64.05,1
57.81,-59.65,1
74.49,-62.98,1
-10.65,111.91,1
56.23,-84.38,1
39.58,88.55,1
-98.79,-9.77,1
-36.17,-113.43,1
-32.89,91.19,1
-124,-0.84,1
-59.93,-87.41,1
56.82,-51.37,1
106.24,35.38,1
34.98,98.47,1
77.14,70.62,1
34.33,99.15,1
32.56,-79.15,1
51.61,-113.31,1
-99.83,26.35,1
15.22,-94.21,1
-90.03,40.76,1
61.36,83.68,1
-91.77,27.02,1
90.58,-49.81,1
-108.64,-29.25,1
-46.9,110.38,1
-80.03,-74.62,1
-79,63.14,1
73.1,-52.77,1
-12.55,-81.58,1
-11,100.58,1
-93.73,17.73,1
-86.11,-5.85,1
22.76,86.1,1
57.34,-83.98,1
-100.67,3.04,1
5.09,88.47,1
98.29,-60.39,1
97.03,-25.81,1
-83.18,28.27,1
-93.69,-33.85,1
12.69,105.11,1
79.21,57.34,1
-76.81,-9.74,1
-11.93,105.15,1
96.17,-33.88,1
-49.42,82.53,1
-104.21,21.6,1
95.83,-26.99,1
-89.38,64.21,1
-99.97,-5.29,1
74.9,-68.51,1
91.02,-55.51,1
105.4,18.35,1
72.02,29.58,1
-93.11,-15.45,1
114.14,-10.53,1
-87.55,-54.67,1
-82.19,68,1
-45.97,96.59,1
98.77,6.51,1
-90.06,40.44,1
63.21,-62.67,1
-89.21,60.73,1
-25.48,-94.32,1
-64.51,61.55,1
-93.17,16.18,1
89.33,62.51,1
95.99,-45.31,1
-81.76,45.79,1
90.88,-24.63,1
117.61,-37.38,1
-121.67,-3.46,1
46.25,86.19,1
-8.36,104.11,1
-83.6,50.83,1
-89.4,46.83,1
84.16,62.58,1
46.54,-98.02,1
52.85,-83.8,1
-8.31,97.14,1
58.56,-69.46,1
-80.3,52.43,1
2.91,-91.78,1
87.59,47.04,1
-33.9,-83.62,1
35.78,97.63,1
72.88,65.7,1
21.53,100.46,1
-49.27,-109.5,1
-93.21,-16.4,1
-76.01,-66.02,1
-1.04,-95.3,1
81.77,-47.82,1
89.27,-24.16,1
-4.88,-98.71,1
-87.95,-54.87,1
-91.34,36.22,1
-34.69,-95.71,1
-86.72,53.11,1
27.06,-86.67,1
-72.59,35.99,1
-94.13,40.4,1
-92.32,-34.8,1
128.26,-13.11,1
-90.22,2.79,1
-96.81,33.49,1
-105.06,-14.18,1
-76.22,-11.98,1
-107.54,-9.82,1
-8.55,91.52,1
-70.17,67,1
30.27,-100.86,1
-98.16,-8.66,1
-83.14,-70.45,1
-22.22,-103.16,1
-20.62,-95.18,1
36.83,88.95,1
55.87,63.3,1
7.26,78.58,1
25.88,-98.77,1
11.09,-92.3,1
81.67,16.43,1
-41.62,-68.23,1
-78.03,41.22,1
23.15,88.54,1
-63.81,-86.39,1
-110.64,5.38,1
-99.23,-8.44,1
-72.99,84.29,1
4.77,-100.85,1
-16,-96.65,1
33.17,-80.96,1
-8.99,100.03,1
-99.22,26.19,1
-88.44,5.74,1
17.19,83.18,1
-68.57,-65.29,1
-76.59,69.88,1
-70.82,-97.29,1
-75.72,-71.35,1
90.25,-32.98,1
95.56,-20.81,1
14.21,115.77,1
-9.3,102.6,1
-14.86,-100.8,1
110.67,24.81,1
-4.71,-95.69,1
34.14,-93.51,1
102.05,-1.42,1
-97.99,-36.03,1
-89.39,-20.57,1
-66.73,92.59,1
106.41,18.83,1
-76.14,-50.82,1
49.05,79.78,1
-93.16,20.37,1
36.38,105.21,1
-2.48,-100.89,1
-71.84,82.05,1
43.79,94.23,1
-107.69,8.07,1
-87.76,27.78,1
-94.06,44.96,1
94.45,-6.73,1
109.4,-14.75,1
105.88,-4.66,1
-55.44,87.46,1
-105.97,27.36,1
-100.08,-34.28,1
-112.8,-2.36,1
18.12,100.34,1
-81.35,44.22,1
88.62,-54.56,1
-88.59,-46.25,1
92.31,-13.44,1
86.82,-67.49,1
109.59,7.52,1
-44.82,-84.66,1
-48.62,76.93,1
92.76,1.47,1
77.57,10.5,1
2.92,106.23,1
-44.1,98.3,1
-93.05,-9.51,1
-66.21,77.2,1
30.12,99.28,1
29.97,-102,1
-49.3,66.59,1
62.16,-88.3,1
-36.93,99.64,1
95.66,-47.85,1
-20.87,-104.84,1
-90.55,43.22,1
90.68,-52.8,1
12.68,102.95,1
-108.1,8.56,1
-98.77,13.08,1
5.45,-101.18,1
-74.8,-75.66,1
63.61,-88.86,1
47.67,-79.56,1
-100.58,25.47,1
72.52,13.46,1
5.5,-92.33,1
92.26,-7.48,1
-112.13,12.23,1
-2.42,-106.15,1
115.49,-24.74,1
-33.84,-99.07,1
-41.21,100.2,1
99.99,-15.73,1
95.98,-35.52,1
9.17,95.14,1
-50.88,73.67,1
-70.17,-42.08,1
-107.18,13.19,1
98.35,-23.77,1
-47.94,106.95,1
-104.54,-46.63,1
-112.25,-0.28,1
-30.38,92.9,1
90.01,-34.17,1
-81.42,-52.27,1
-77.59,-43.44,1
-41.87,106.65,1
-106.82,-0.01,1
39.25,90.56,1
75.81,58.56,1
102.5,11.2,1
-91.12,18.27,1
0.15,125.57,1
-84.81,-43.94,1
-63.54,71.53,1
99.26,-44.24,1
108.34,-6.17,1
87.97,-2.37,1
75.42,-51.11,1
-39.68,75.37,1
55.05,-89.76,1
50.94,81.55,1
-72.66,57,1
-81.9,2.77,1
27.66,-113.85,1
9.49,-101.88,1
-92.96,10.14,1
-67.78,-87.02,1
48.53,-93.93,1
-109.58,-35.18,1
-114.78,7.23,1
34.95,88.87,1
-67.38,78.9,1
55.24,-70.23,1
-52.31,71.94,1
-16.74,95.24,1
-85.05,-27.39,1
40.24,100.59,1
-55.22,-95.25,1
51.71,74.75,1
104.3,-25.55,1
26.87,104.88,1
-23.68,96.24,1
-73.95,45.89,1
21.95,94.77,1
49.24,-67.8,1
-97.51,-32.57,1
77.22,67.1,1
38.94,-62.31,1
-73.27,-65.26,1
4.16,89.18,1
50.78,89.85,1
59.13,97,1
-70.15,86.1,1
-85.33,-32.14,1
43.36,-91.76,1
-88.1,-47.9,1
-70.9,72.96,1
94.68,5.17,1
-84.71,35.32,1
27.41,87.53,1
70.51,-61.98,1
69.27,-71.85,1
109.26,14.74,1
66.83,-53.2,1
-91.99,-10.58,1
48.58,-71.06,1
90.4,39.67,1
36.03,-75.91,1
-86.34,-54.14,1
-91.59,37.64,1
41.86,99.77,1
102.01,30.48,1
-106.2,17.94,1
-2.51,96.17,1
-24.07,111.8,1
-31.42,89.54,1
-32.62,-118.3,1
46.95,63.76,1
-24.9,95.68,1
-87.35,50.17,1
57.91,-69.17,1
-93.63,9.5,1
-103.78,-44.63,1
49.02,88.77,1
-66.53,-87.48,1
97.57,8.88,1
97.85,-23.74,1
80.1,-50.74,1
10.02,96.78,1
-64.79,83.81,1
20.83,-83.7,1
-96.83,65.4,1
-97.4,21.28,1
-29.82,-98.55,1
71.72,73.82,1
-60.13,80.29,1
8.11,-89.92,1
-66.02,-81.23,1
102.54,15.96,1
75.85,67.56,1
38.27,-82.88,1
-75.46,79.87,1
91.17,37.48,1
-86.88,-0.96,1
99.23,36.93,1
-35.34,-88.66,1
9.71,-93.53,1
14.03,-99.51,1
-82.23,73.56,1
101.07,4.72,1
-11.09,94.58,1
91.12,45.2,1
13.95,-116.79,1
50.49,88.44,1
103.51,14.39,1
70.36,68.23,1
83.72,68.22,1
-91.06,54.55,1
102.16,8.88,1
86.14,54.46,1
88.65,19.05,1
-85.77,-21.96,1
-65.87,-90.95,1
97,22.45,1
89.76,-76.48,1
77.27,53.81,1
11.71,-109.34,1
-97.68,-10.07,1
-68.44,84.63,1
95.37,27.08,1
62.14,81.73,1
-73.66,-73.41,1
82.62,-53.24,1
20.7,101.01,1
59.96,97.92,1
47.71,-84.15,1
76.95,25.42,1
97.85,12.57,1
81.99,31.89,1
-47.72,78.64,1
49.4,-75.52,1
90.1,-37.74,1
48.09,-81.99,1
91.95,11.58,1
-89.2,52.9,1
-29.96,-75.91,1
60.72,87.57,1
98.37,3.49,1
-25.47,101.07,1
-89.83,-10.16,1
-107.31,11.29,1
-78.79,37.63,1
88.01,-67.58,1
92.91,37.59,1
-80.06,51.85,1
-64.56,-70.12,1
-12.7,100.57,1
-95.11,1.68,1
-50.8,81.04,1
-55.64,-102.26,1
72.95,-65.69,1
21.91,101.78,1
-16.43,-105.06,1
0.26,114.69,1
97.58,22.42,1
-95.15,-10.73,1
26.43,-97.8,1
83.84,-30.03,1
-81.93,72.2,1
-40.62,-95.48,1
103.97,-17.52,1
93.56,59.24,1
-0.45,-92.06,1
-89.29,60.82,1
-38.26,-85.27,1
-80.43,45.86,1
92.05,-68.94,1
68.14,-79.88,1
-113.29,24.49,1
80.62,52.23,1
-93.92,29.33,1
24.09,86.63,1
-8.33,-101.78,1
65.67,-77.61,1
-73.91,-75.49,1
-85.78,-60.53,1
83.87,61.19,1
90.68,-74.79,1
105.79,1.43,1
92.68,51.98,1
-90.88,-53.66,1
-72.56,-88.8,1
-11.01,-96.13,1
99.55,61.04,1
31.43,-103.37,1
-54.31,87.75,1
-90.91,-52.06,1
21.17,-85.55,1
-72.56,64.03,1
100.76,-11.14,1
19.59,-83.84,1
-33.48,122.4,1
-17.69,83.33,1
-86.58,55.83,1
121.78,41.38,1
2.78,97.71,1
-8.22,68.59,1
9.12,92.98,1
100.09,49.97,1
63.92,89.34,1
88.19,66.48,1
-93.81,36.85,1
-97.03,28.26,1
84.91,-75.09,1
-4.41,-100.89,1
-104.31,14.94,1
68.03,100.28,1
-38.68,105.53,1
-45.98,58.15,1
-50.44,75.48,1
108.94,-8.2,1
-96.71,54.64,1
-60.66,70.29,1
51,-81.81,1
92.26,-7.76,1
-85.36,-14.18,1
26.96,-83.68,1
-31.1,86.37,1
93.58,-41.87,1
16.72,-93.2,1
86.9,20.31,1
-29.86,112.16,1
-96.36,-20.42,1
110.7,17.15,1
-98.81,1.35,1
59.34,-91.81,1
7.46,103.37,1
-59.79,-67.12,1
-19.12,-90.28,1
-68.52,64.72,1
-2.39,106.51,1
79.9,66.45,1
-86.27,-7.65,1
105.95,-14.86,1
84.22,-44.56,1
71.56,-71.96,1
57.96,-73.67,1
9.68,-107.72,1
105.06,10.39,1
81.73,-73.81,1
57.87,-77.54,1
-51.11,-90.93,1
105.55,-47.83,1
84,-50.42,1
111.82,40.34,1
-11.28,-82.29,1
-63.43,91.73,1
-119.3,0.91,1
54.5,61.15,1
92.29,23.05,1
93.31,-22.21,1
108.32,0.25,1
-93.39,33.56,1
-65.76,-78.44,1
73.02,55.06,1
95.15,45.91,1
92.46,37.53,1
66.18,68.08,1
73,-80.23,1
53.57,-80.33,1
96.26,-25.32,1
-96.83,40.37,1
-48.74,89.52,1
103,55.9,1
-84.96,-49.89,1
43.87,-83.88,1
-104.05,-6.05,1
-20.47,89.34,1
5.99,116.98,1
45.46,-81.32,1
-77.51,68.76,1
-78.57,-65.76,1
0.24,114.51,1
5.91,76.08,1
-88.11,46.86,1
-80.93,-8.41,1
-27.65,-116.09,1
-104.54,-49.69,1
52.11,99.4,1
-28.28,95.47,1
-54.54,74.44,1
92.25,-15.47,1
-80.16,52.43,1
-113.27,29.52,1
-87.28,-59.38,1
52.58,-93.2,1
-80.16,-25.28,1
-85.12,45.06,1
-84.34,-69.01,1
-66.54,-81.97,1
-37.82,73.19,1
77.3,77.13,1
-90.08,-60.98,1
-89.15,-16.7,1
-13.75,98.48,1
104.51,-47.62,1
27.85,99.44,1
-40.49,-80.87,1
64.03,83.28,1
-71.36,-72.31,1
1.3,-111.71,1
-92.5,-13.38,1
92.08,48.88,1
-38.5,-88.78,1
90.04,-57.6,1
78.04,34.17,1
95.79,-48.52,1
-59.53,-93.27,1
92.92,39.67,1
80.78,55.34,1
-31.82,81.02,1
-17.78,-96.74,1
-23.86,85.26,1
-22.27,-90.64,1
-101.91,-6.15,1
-62.13,-47.86,1
-78.81,23.99,1
78.92,-23.33,1
-103.92,-41.89,1
33.27,-95.23,1
-79.1,0.73,1
77.16,68.99,1
-84.51,24.43,1
35.28,-74.93,1
-76.32,-62.31,1
27.65,-86.77,1
-66.6,-58.86,1
91.5,23.88,1
-49.65,79.17,1
94.21,60.55,1
90.86,43.3,1
115.8,6.9,1
88.87,-16.31,1
11.64,-96.82,1
19.18,-104.78,1
31.38,96.25,1
-93.57,-25.22,1
52.98,-76.52,1
107.93,3.04,1
28.97,77.59,1
-102.19,-13.66,1
68.18,-63.54,1
-67.75,-84.68,1
-88.72,-75.43,1
-39.89,110.99,1
-68.56,-66.29,1
-70.98,70.67,1
6.85,-109.57,1
-86.79,-54.8,1
-75.75,20.34,1
-97.48,-18.78,1
31.22,84.87,1
64.32,56.62,1
68.36,-43.89,1
82.29,24.42,1
63.63,-103.48,1
84.5,44.02,1
-8.54,-103.32,1
89.47,-20.06,1
102.6,27.93,1
45.27,105.43,1
24.4,86.1,1
84.96,-66.04,1
73.82,-71.08,1
62.96,86.76,1
93.56,-11.53,1
92.69,-29.89,1
-33.44,110.89,1
28.92,-100.12,1
-103.34,16.57,1
44.28,81.45,1
93.82,-89.06,1
-105.26,54.58,1
42.74,-100.78,1
56.12,-81.33,1
-20.4,110.51,1
72.96,37.5,1
48.4,83.3,1
-51.77,-92.65,1
-109.54,17.77,1
-28.36,96.17,1
-33.13,91.92,1
102.26,53.95,1
-36.13,83.5,1
49.03,81.84,1
-98.74,-3.2,1
77.15,60.27,1
-73.17,-35.24,1
-85.5,85.69,1
15.18,93.31,1
-24.73,-97.14,1
35.28,76.12,1
1.82,-99.28,1
41.2,-95.39,1
-51.16,-84.08,1
-95.79,37.85,1
73.14,70.83,1
-80.93,-30.23,1
-16.86,-88.98,1
59.83,-87.28,1
-103.72,7.91,1
83.92,-30.56,1
-45.51,-91.79,1
-87.82,2.47,1
26.71,-75.73,1
-73.86,-66.76,1
6.08,102.4,1
-24.07,-107.62,1
-86.11,-79.4,1
-58.25,-76.34,1
85.62,14.28,1
94.42,65.63,1
60.5,85.97,1
107.45,-33.15,1
-15.33,-94.8,1
66.41,-87.09,1
53.75,95.76,1
-112.78,-11.8,1
45.07,-79.32,1
-80.72,-41.94,1
66.22,-69.6,1
79.14,-52.63,1
-88.75,-34.16,1
103.51,-14.87,1
-103.5,-7.18,1
-90.96,-29.82,1
-45.86,94.94,1
-108.61,14.96,1
-41.25,-88.88,1
113.89,9.02,1
89.79,-47.65,1
43.94,-95.22,1
97.27,34.98,1
23.68,112.44,1
-27.28,-83.19,1
91.87,-18.4,1
38.33,87.76,1
-24,-88.15,1
24,-90.82,1
76.31,65.31,1
-38.09,-101.76,1
-103.84,-15.06,1
-19.71,-99.97,1
-62.85,-81.85,1
42.66,94.83,1
89.71,23.59,1
50.33,69.37,1
-85.19,39.8,1
59.45,-50.85,1
-54.38,-95.6,1
97.77,5.42,1
-3.2,-97.81,1
83.23,-58.25,1
-23.53,115.69,1
50.87,85.5,1
-41.52,-76.93,1
-86.55,32.42,1
99.35,-4.09,1
-81.1,7.54,1
-68.03,63.1,1
-79.26,-35.44,1
6.97,111.01,1
-85.82,-41.6,1
-98.65,28.74,1
77.3,54.51,1
96.46,16.98,1
-16.4,103.92,1
58.4,71.86,1
-6.29,-103.59,1
19.05,94.41,1
27.02,-94.58,1
-56.2,-63.38,1
81.17,-35.82,1
63.83,-92.13,1
-85.32,-42.81,1
-110.74,6.31,1
29.33,-86.48,1
-93.4,-68.33,1
100.37,-1,1
89.1,-63.95,1
-73,-93.3,1
-22.47,97.87,1
-97.23,-38.62,1
85.43,-21.42,1
101.7,-48.8,1
-81.67,-45.8,1
-90.3,37.82,1
-82.08,45.53,1
64.96,63.9,1
97.86,-34.91,1
-30.1,-91.25,1
90.71,54.62,1
-100.33,23.56,1
-36.34,81.68,1
-53.03,91.95,1
31.08,83.7,1
-88.23,-64.92,1
45.38,-101.2,1
13.42,-101.84,1
81.31,39.92,1
-51.71,-86.9,1
-80.81,40,1
-90,-32.14,1
82.02,-60.41,1
-64.61,-86.75,1
81.48,61.79,1
-19.24,92.9,1
-7.99,-101.93,1
14.13,104.13,1
89.13,64.06,1
-22.83,75.02,1
-20.34,-84.93,1
88.99,-22.9,1
0.23,-107.88,1
2.05,111.79,1
-102.57,36.34,1
-78.54,81.92,1
-16.78,102.37,1
45.26,-86,1
66.25,80.33,1
-37.49,86.85,1
-86.92,-49.49,1
31,81.24,1
32.52,13.72,2
6.9,-48.73,2
-13.98,27.24,2
46.82,-17.85,2
-28.35,51.53,2
-40.14,-6.17,2
-21.27,-37.32,2
-44.89,-30.74,2
-27.14,30.47,2
-9.25,40.2,2
60.51,16.25,2
-14.42,24.82,2
-51.97,13.25,2
-49.79,6.97,2
47.88,-24.76,2
20.38,54.8,2
-2.51,47.26,2
38.48,29.69,2
-23.9,14.06,2
53.9,-18.94,2
-45.84,-27.55,2
2,39.47,2
-42.63,16.36,2
33.42,-26.55,2
35.4,-7.31,2
-58.56,-4.16,2
-26.31,-22.85,2
32.11,27.84,2
17.18,26.78,2
-16.59,36.78,2
-16.02,-44.46,2
-13.17,18.17,2
36.75,18.88,2
-34.83,44.94,2
15.67,-29.01,2
-41.43,-4.23,2
24.9,-22.66,2
44.47,-26.76,2
29.11,-30.77,2
-7.69,40.47,2
33.82,29.15,2
4.93,61.33,2
23.41,-30.79,2
-20.56,55.62,2
27.91,-31.75,2
17.53,-27.91,2
23.42,24.76,2
30.77,9.94,2
-31.74,32.48,2
-46.82,11.74,2
-10.12,-42.14,2
-4.32,-19.33,2
-6.74,-50.12,2
-51.43,40.94,2
-45.95,3.72,2
-0.76,-52.65,2
-45.06,16.33,2
-26.57,36.1,2
26.82,25.88,2
6.27,49.08,2
51.37,4.71,2
15.63,35.97,2
18.23,34.98,2
-54.83,18.17,2
-9.95,-50.15,2
-0.52,31.04,2
-1.01,-36.12,2
-15.27,-36.73,2
-30.52,-18.25,2
20.18,26.57,2
-37,17.7,2
38.42,-30.72,2
25.02,0.01,2
-10.33,41.93,2
40.18,-15.36,2
35.38,13.21,2
23.05,15.26,2
47.24,22.6,2
0.54,33.62,2
-5.13,-38.07,2
35.26,37.68,2
-22.33,-17.86,2
7.93,-28.64,2
-47.7,-18.22,2
31.14,26.13,2
39.27,18.28,2
-30.56,29.87,2
34.51,22.21,2
-55.59,-22.21,2
-8.82,28.41,2
36.71,-3.04,2
9.82,-34.85,2
-11.52,-40.62,2
28.18,-14.21,2
-33.51,-35.66,2
39.82,0.72,2
17.26,28.76,2
26.95,35.95,2
-46.32,9.21,2
31.45,-30.54,2
-34.22,-1.61,2
27.7,36.83,2
23.65,-36.31,2
-3.1,-26.24,2
20.38,-16.43,2
-8.65,37.73,2
18.76,40.06,2
3.75,-41.52,2
-11.58,-33.14,2
1.37,-31.38,2
-42.9,11.07,2
31.02,-24.93,2
12.22,-50.59,2
-39.43,30.95,2
-33.66,-23.97,2
8.68,-44.24,2
-26.09,34.7,2
29.05,23.66,2
32.94,12.25,2
40.77,-24.51,2
-19.1,-24.46,2
1.17,-44.88,2
22.48,-32.12,2
22.05,-8.01,2
26.22,18.42,2
34.1,20.91,2
28.37,29.75,2
14.8,14.29,2
-38.73,7.58,2
19.99,48.11,2
16.5,22.2,2
19.19,31.83,2
-46.29,-6.09,2
27.66,13.67,2
33.61,-28.05,2
40.26,8.64,2
37.36,-6.08,2
-38.14,5.27,2
21.96,-34.94,2
-11.49,-29.69,2
-34.38,12.18,2
-12.65,-38.43,2
-33.66,-25.09,2
31.17,39.52,2
27.91,-20.21,2
10.13,-19.25,2
25.78,22.19,2
-40.11,-24.91,2
30.73,-22.51,2
10.61,-36.21,2
-57.4,-5.18,2
-14.49,23.09,2
-34.87,-5.23,2
-7.61,-46.22,2
-36.05,-5.73,2
42.19,-13.52,2
64.59,6.46,2
-23.1,-28.46,2
-24.55,21.15,2
-6.16,-39.33,2
7.21,40.34,2
-40.57,15.09,2
-2.29,-46,2
-41.48,6.79,2
-30.35,23.07,2
-31.26,-21.61,2
11.23,-27.58,2
-21.93,-24.14,2
-10.62,-34.17,2
47.32,22.65,2
-28.98,-52.38,2
-54.56,-6.03,2
-25.94,-54.71,2
42.88,18.44,2
17.29,35.88,2
11.1,-21.86,2
20.05,-44.23,2
-22.66,41.17,2
-42.27,-25.69,2
37.72,-24.21,2
-27.74,19.14,2
-41.56,-7.22,2
23.91,-41.36,2
5.58,-46.37,2
-32.19,-1.1,2
34.48,-19.45,2
32.44,-27.02,2
-0.55,-31.31,2
-21,25.9,2
-42.17,2,2
2.37,-39.75,2
23.84,14.95,2
-39.58,-26.42,2
9.51,39,2
21.04,-31.4,2
-7.48,-42.2,2
-35.46,-13.99,2
-47.23,28.18,2
-28.78,-30.76,2
-6.25,-33.01,2
-7.51,-27.54,2
7.36,-6.83,2
37.62,2.94,2
0.72,-31.41,2
-16.06,56.8,2
11.89,-35.81,2
-1.67,27.81,2
18.33,-44.93,2
48.7,13.49,2
-13.16,29.4,2
32.73,-22.26,2
-14.49,-41.78,2
42.89,-8.17,2
-2.54,-25.34,2
35.77,-30.05,2
-33.01,-30.36,2
19.01,36.54,2
7.71,25.74,2
14.75,17.89,2
-16.01,-29.74,2
25.86,-27.26,2
5.58,36.55,2
18.9,-42.66,2
-24.27,-46.9,2
-7.16,50.56,2
25.23,-4.88,2
-23.82,-18.71,2
-12.61,-49.91,2
-27.46,-25.4,2
-17.03,-22.01,2
-35.75,-12.67,2
32.92,22.03,2
-28.67,-33.24,2
22.63,28.02,2
-20.15,-41.5,2
26.57,-14.66,2
-35.02,-15,2
32.48,16.96,2
-9.87,46,2
29.98,-15.79,2
23.09,-25.76,2
-30.21,-25.84,2
-29.96,-0.78,2
-34.13,17.83,2
38.79,19.1,2
-30.82,-35.65,2
-44.66,-0.41,2
32.76,-24.12,2
-14.08,-42.94,2
-37.62,18.01,2
-46.86,9.55,2
49.5,9.03,2
36.21,-12.74,2
-12.44,36.64,2
-28.93,-9.45,2
-61.13,1.86,2
-49.87,5.09,2
-32.51,-35.95,2
-16.59,37.46,2
-22.38,-23.18,2
19.28,21.74,2
28.25,41.26,2
-6.93,-25.51,2
-22.27,59.75,2
-20.74,34.89,2
-14.55,40.42,2
-30.85,12.32,2
-41.25,-10.53,2
-10.52,31.95,2
-32.68,-12.38,2
39.47,-27.98,2
25.18,-4.4,2
-26.42,7.69,2
-19.7,27.6,2
21.21,-37.51,2
23,-27.36,2
-23.57,-20.6,2
40.59,-20.18,2
26.59,-23.36,2
43.06,14.12,2
-18.6,24.14,2
4.05,53.09,2
-42.88,7.39,2
-44.38,5.16,2
-37.27,23.89,2
-10.22,-35.2,2
-62.13,25.96,2
6.52,-46.86,2
-15.47,26.96,2
-35.57,28.78,2
28.38,10.36,2
-10.4,-41.07,2
34.69,6.44,2
-9.51,30.41,2
38.28,21.73,2
33.56,-1.4,2
37.9,29.14,2
-32.11,-37.58,2
47.53,-0.83,2
-41.09,0.27,2
5.17,-34.59,2
-9.14,22.52,2
22.05,41.44,2
-30.63,-19.03,2
-6.11,-19.09,2
7.92,-36.96,2
38.43,5.64,2
-48.09,-13.08,2
51.47,-10.55,2
-18.95,46.17,2
-4.76,-32.54,2
-40.29,33.16,2
-14.08,39.85,2
10.08,17.74,2
9.08,39.42,2
46.8,-30.56,2
-32.95,-28.33,2
3.18,-47.63,2
19.28,-40.29,2
-6.05,11.44,2
2.51,-36.54,2
16.36,-39.27,2
8.06,-38.19,2
27.77,-18.33,2
-15.5,39.84,2
53.32,-6.57,2
37.07,-31.03,2
-3.04,-31.83,2
17.93,33,2
6.37,44.12,2
29.74,-36.05,2
9.8,-35.85,2
-5.77,-46.48,2
-13.42,-33.75,2
8.22,51.53,2
-46.71,-7.45,2
3.19,36.32,2
21.43,11.89,2
-35.76,-18.89,2
2.3,31.27,2
-17.96,-33.83,2
28.06,24.05,2
25.22,-3.15,2
5.88,-46.74,2
-41.1,30.72,2
31.93,-24.27,2
-27.41,-1.91,2
-6.31,31.29,2
46.88,1.71,2
24.92,23.06,2
23.33,-15.53,2
-17.5,-36.19,2
4.27,46.15,2
42.2,-23.98,2
-13.84,-30.6,2
42.91,0.55,2
-14.26,-1.58,2
22.05,18.21,2
-39.67,6.79,2
-23.82,-20.23,2
17.69,18.96,2
24.04,61.98,2
39.72,13.85,2
-28.3,21.23,2
-19.32,13.41,2
48.67,10.56,2
4.17,-41.72,2
-39.32,14.48,2
-30.38,37.5,2
21.98,40.88,2
15.31,34.98,2
17.45,48.71,2
38.27,-8.45,2
8.38,34.22,2
-19.56,-45.34,2
-30.45,-26.47,2
-25.21,15.89,2
14.06,-29.78,2
-26.15,-24,2
-26.88,-33.31,2
34.17,-30.15,2
35.2,15.61,2
-35.07,-43.56,2
31.66,33.64,2
29.62,31.56,2
-35.36,15.3,2
7.87,-44.01,2
-6.24,-31.05,2
-16.95,-47.48,2
-28.75,-42.98,2
42.46,-36.93,2
-7.53,-59.42,2
-32.45,30.66,2
16.15,38.66,2
45.29,-29.96,2
-15.34,35.66,2
-6.68,52.11,2
28.8,-15.02,2
-42.22,17.56,2
14.7,-40.01,2
0.71,-29.57,2
36.73,-3.02,2
12.73,44.18,2
-29.15,-25.15,2
13.15,40.93,2
46.99,5.65,2
46.31,32.54,2
-33.3,4.49,2
-8.48,-46.4,2
5.65,-26.07,2
-46.25,-8.73,2
36,-19.85,2
-25.57,15.4,2
-8.88,32.35,2
-32.01,-36.78,2
39.56,2.57,2
-32.4,7.41,2
22.62,-40.98,2
20.53,-31.07,2
-18.79,35.07,2
11.07,36.1,2
35.78,-7.37,2
34.18,22.5,2
22.46,2.36,2
-1.41,-51.41,2
-32.15,-19.78,2
55.72,-2.76,2
15.28,-26.31,2
29.04,-48.52,2
23.35,32.57,2
-33.06,-28.23,2
13.36,41.51,2
21.3,17.22,2
-10.13,-51.03,2
-40.25,40.18,2
33.05,-36.02,2
38.48,2.56,2
-26.74,-44.6,2
-35.43,2.37,2
-34.52,-21.33,2
-24.58,-22.48,2
3.86,-42.32,2
-24.94,-24.84,2
-41.04,8.08,2
37.16,-5.57,2
-29.66,23.12,2
-25.69,-0.5,2
37.66,21.66,2
42.59,15.45,2
1.66,37.02,2
-32.66,28.6,2
-19,-25.32,2
27.11,-28.24,2
1.64,-29.46,2
26.58,-23.32,2
-15.09,22.57,2
-35.88,-28.31,2
-1.06,42.92,2
8.18,27.96,2
-29.94,12.74,2
-36.44,30.15,2
-40.4,-21.09,2
16.25,-36.09,2
-29.77,24.38,2
27.12,-49.11,2
31.02,-4.76,2
-36.2,-39.83,2
36.98,1.14,2
-49.57,-5.98,2
-2,40.58,2
46.41,-0.89,2
-2.26,33.6,2
-59.42,6.56,2
-6.74,-25.39,2
-41.54,-30.04,2
44.91,-16.08,2
-24.83,-13.63,2
56.63,-1.91,2
11.62,44.46,2
-18.01,-20.97,2
44.61,27.01,2
-36.36,-28.51,2
-24.87,15.08,2
23.76,11.06,2
38.31,-16.16,2
24.45,23.26,2
31.24,18.46,2
3.95,-38.55,2
-38.69,-32.95,2
12.37,35.42,2
46.35,-1.39,2
-26.29,-36.15,2
-38.09,-12.18,2
42.23,20.82,2
13.17,52.83,2
6.32,21.45,2
-22.15,45.75,2
22.33,-11.64,2
34.12,-8.54,2
-36.55,-27.97,2
-7.99,-36.41,2
31.81,31.77,2
-20.52,-40.07,2
2.88,17.63,2
-46.87,18.6,2
-37.95,-14.4,2
43.17,13.42,2
23.4,-2.82,2
47.44,-5.59,2
-23.66,-1.86,2
33.19,-21.54,2
-0.98,-29.47,2
9.59,-47.59,2
-26.62,-8.67,2
30.92,25.65,2
-10.02,48.04,2
27.45,-34.9,2
-44.46,-9.6,2
-27.32,-49.31,2
-32.03,2.47,2
19.88,36.69,2
11.24,32.64,2
-35.96,34.85,2
34.02,25.43,2
-4.61,-49.91,2
-17.46,41.29,2
32.49,1.73,2
-11.22,-34.82,2
31.74,-23.35,2
7.04,46.89,2
9.58,-31.93,2
5.79,-28.69,2
-13.28,55.37,2
-39.31,21.35,2
38.08,-25.95,2
27.37,-36.85,2
14.33,34.17,2
-24.8,28.48,2
-1.13,39.73,2
-1.32,33.97,2
3.57,51.68,2
22.56,31.2,2
-3.7,46.37,2
-39.89,-23.89,2
14.69,-29.73,2
55.4,-7.76,2
-20.64,34.13,2
-35.97,-43.2,2
42.43,3.03,2
37.22,31.79,2
17.38,28.18,2
18.78,-50.66,2
-0.94,46.61,2
-26.04,23.97,2
4.58,51.4,2
7.09,39.14,2
5.58,-43.11,2
29.99,-36.76,2
32.61,-0.29,2
-33.58,-3.87,2
16.87,-15.04,2
-30,19.77,2
-31.99,40.35,2
15.42,-26.76,2
-34.92,-19.64,2
-44.79,-10.92,2
-33.31,-1.16,2
4.42,46.84,2
-50.79,-2.87,2
20.04,-36.49,2
-27.15,-21.6,2
20.27,-34.22,2
15.74,-35,2
-20.05,20.89,2
47.29,12.61,2
11.16,51.66,2
-52.63,20.96,2
3.57,19.44,2
7.52,-17.33,2
4.11,-36.76,2
-13.84,48.15,2
12.83,24.72,2
-9.33,22.16,2
-52.75,22.13,2
4.29,52.67,2
7.25,-29.44,2
-8.42,-50.3,2
-26.13,-4.87,2
32.52,-31.93,2
29.19,22.18,2
20.56,20.67,2
19.71,-53.71,2
28.89,-22.37,2
0.59,-40.09,2
-8.13,-32.91,2
8.15,39.94,2
40.84,-24.54,2
16.46,-43.25,2
52.37,14.35,2
-59.67,27.47,2
-46.89,-15.44,2
-21.46,-28.71,2
-33.31,-41.61,2
-11.07,-27.82,2
-26.16,-11.76,2
-39.11,19.73,2
18.93,39.52,2
-23.13,11.84,2
-44.28,-4.74,2
-29.6,-37.92,2
22.94,26.84,2
-29.64,-43.75,2
-17.71,9.02,2
-28.05,27.8,2
28.54,-3.97,2
-46.48,-20.84,2
-24.73,-38.19,2
-6.64,-35.13,2
-42.29,-42.23,2
26.23,14.33,2
-9.34,-47.31,2
-8.84,-53.29,2
-23.02,-22,2
22.46,33.85,2
41.18,-25.39,2
11.4,41.25,2
31.2,13.9,2
26.81,-21.77,2
-28.32,31.14,2
-32.14,12.43,2
-21.1,-24.62,2
-6.75,-44.49,2
32.96,-5.79,2
4.67,-37,2
52.39,19.32,2
45.71,-15.68,2
-17.79,-11.94,2
-8.75,-43.33,2
13.16,-11.89,2
24.66,21.01,2
-29.15,-5.12,2
-11.59,-34.65,2
23.79,38.32,2
-24.02,48.62,2
-8.74,-40.37,2
45.25,-3.7,2
-39.89,-2.88,2
-27.1,-14.8,2
69.42,4.93,2
36.4,-37.26,2
6.32,47.06,2
-10.54,28.46,2
-28.33,39.1,2
27.91,-7.63,2
-47,15.08,2
26.52,-27.91,2
34.87,-10.05,2
-13.7,-45.06,2
-38.76,7.54,2
29.53,-32.43,2
27.22,-35.48,2
-35.05,-10.98,2
-17.75,-22.61,2
-0.46,-26.79,2
-23.11,20.68,2
25.64,-27.91,2
-3.73,-26.16,2
-22.96,-43.71,2
8.56,-47.34,2
-19.51,-55.28,2
9.85,-33.25,2
-42.09,-13.64,2
-36.64,5.21,2
3.98,32.47,2
-8.4,42,2
26.56,-25.29,2
40.79,12.73,2
-40.91,-29.91,2
-48.28,15.26,2
10.85,-53.27,2
-14.08,35.11,2
33.69,-10.07,2
37.84,19.41,2
42.77,-8.71,2
-12.25,36.08,2
-1.25,-51.04,2
13.41,21.87,2
25.77,-52.4,2
4.07,-23.83,2
2.25,-15.85,2
-7.5,37.76,2
42.9,-48.25,2
-30.39,10.26,2
47.29,35.71,2
-40.08,29.09,2
32.53,-24.72,2
33.98,-15.7,2
-41.31,12.82,2
56.52,14.15,2
-24.52,-21.3,2
23.22,-25.17,2
43.76,9.41,2
-37.02,9.3,2
31.66,-4.3,2
22.35,-20.24,2
13.45,62.4,2
9.12,-25.86,2
-24.42,-34.18,2
-27.3,-19.89,2
-30.91,-27.57,2
-28.42,38.17,2
43.81,-0.32,2
-24.65,-22.98,2
6.09,-26.43,2
37.03,-3.2,2
26.92,9.6,2
-2.97,56.46,2
0.4,-30.38,2
-11.56,-1.43,2
-30.72,-7.14,2
30.68,11.44,2
-26.63,-30.3,2
-43.54,-29.84,2
-17.87,-19.98,2
41.97,8.74,2
-32.58,-9.06,2
32.3,-36.74,2
-14.13,-51.83,2
-9.74,-39.14,2
-41.49,3.02,2
-9.93,24.91,2
-1.83,45.3,2
-8.02,-33.3,2
-45.82,-32.87,2
-22.26,44.33,2
-41.7,-7.7,2
-26.1,31.16,2
48.79,-15.52,2
63.86,-11.66,2
10.33,-14.59,2
-36.68,11.36,2
-47.73,-16.68,2
-29.71,-33.56,2
-45.31,6.35,2
12.97,23.85,2
-28.63,42.04,2
29.56,37.44,2
22.53,-35.09,2
-11.64,18.88,2
-18.28,34.23,2
5.51,42.46,2
46.77,-22.44,2
-43.62,20.66,2
-29.83,-20.93,2
17.38,-29.47,2
39.07,16.12,2
36.43,-3.82,2
29.94,27.78,2
-24.2,17.04,2
43.14,-21.24,2
18.33,-16.64,2
53.42,-14.84,2
-27.31,-25.52,2
-30.68,36.45,2
12.95,53.44,2
7.26,52.06,2
13.45,-51.17,2
39.54,-19.54,2
-9.56,-46.76,2
-25.66,-19.44,2
39.58,6.1,2
-19.93,-4.32,2
19.82,-34.82,2
38.66,7.31,2
4.25,15.58,2
-27.58,24.37,2
3.06,32.07,2
-44.84,-3.79,2
-39.17,-32.6,2
25.3,40.65,2
41.08,31.89,2
31.56,-46.83,2
-39.72,24.65,2
38.02,-2.34,2
2.31,50.15,2
25.52,-44.6,2
-23.51,-23.58,2
6.12,-34.4,2
39.3,8.19,2
-12.47,25.02,2
14.21,19.85,2
32.35,22.7,2
-28.77,10.04,2
13.32,-40.2,2
-16.7,-34.6,2
22.31,-20.12,2
-34.94,37.98,2
-17.01,-42,2
47.54,-12.61,2
2.67,45.08,2
4.22,-33.38,2
-36.67,-15.37,2
-18.56,24.78,2
30.21,-20.04,2
-12.33,-24.86,2
-24.57,28.95,2
-22.52,39.6,2
-23.98,-49.32,2
45.07,-10.49,2
-21.58,16.88,2
-43.45,-2.13,2
21.55,32.11,2
-27.2,-12.46,2
-5.65,-35.66,2
-22.09,36.03,2
23.12,13.73,2
37.91,-27.55,2
-36.35,16.9,2
43.97,-20.94,2
-39.87,-32.24,2
33.28,-6.84,2
17.23,-48.97,2
-15.45,-22.02,2
38.79,-20.87,2
7.38,-32.12,2
15.83,-40.55,2
-48.05,16.81,2
-39.17,0.83,2
-18.49,36.79,2
-31.56,-8.57,2
-16.74,-28.94,2
-37.39,0.68,2
22.94,-24.15,2
39.37,18.13,2
7.25,35.47,2
12.99,-25.79,2
30.45,36.49,2
31.45,-19.47,2
-27.26,-53.65,2
-24.68,-9.41,2
-48.15,-26.03,2
-8.14,66.31,2
-10.28,46.27,2
-26.33,-14.01,2
48.39,16.55,2
-45.58,21.88,2
33.59,-8.55,2
20.39,-19.97,2
40.95,14.85,2
-33.87,8.83,2
39.92,11.46,2
-11.5,-40.38,2
-26.12,14.51,2
-22.16,-22.03,2
36.59,-1.68,2
43.34,-13.71,2
-11.59,25.33,2
-18.59,-56.35,2
33.89,-24.38,2
33.14,-37.2,2
-13.2,-28.59,2
42.27,5.26,2
-50.24,19.63,2
-56.37,-22.53,2
23.8,28.42,2
38.18,-12.04,2
2.1,39.31,2
33.59,-22.39,2
27.56,-27.8,2
-9.54,18.41,2
-17.95,52.12,2
-35.38,-3.39,2
-8.38,25.59,2
-22.85,37.48,2
-29.79,-46.93,2
-37.7,59.26,2
-20.44,-36.84,2
35.91,20.69,2
-22.3,-37.55,2
-25.16,12.64,2
-26.21,-15.18,2
-38.54,0.68,2
39.5,10.25,2
-23.92,43.94,2
-35.96,11.14,2
-22.46,-32.92,2
-23.56,-1.77,2
4.26,-46.03,2
19.7,-39.36,2
31.94,-31.86,2
4.13,-45.74,2
28.7,-26.3,2
19.95,-17.75,2
-49.14,-13.26,2
15.81,31.73,2
-45.21,-33.92,2
-48.87,0.83,2
-30.64,11.12,2
-13.54,35.62,2
-23.8,-37.06,2
-4.72,45.26,2
32.13,-29.76,2
-15.76,-30.16,2
26.92,25.57,2
-35.83,26.36,2
4.67,-32.88,2
20.5,44.22,2
36.07,47.79,2
-34.75,20.65,2
35.37,-6.37,2
-56.47,-8.63,2
-34.06,-8.24,2
2.81,-52.73,2
-17.32,-16.84,2
42.53,16.35,2
-3.43,35.58,2
-31.29,23.51,2
-10.69,30.11,2
-7.24,45.96,2
-17.08,17.82,2
33.41,-27.48,2
32.16,1.58,2
-30.33,3.82,2
-23.58,-39.88,2
-13.22,30.01,2
-37.97,-6.18,2
-27.05,13.72,2
-7.17,-41.4,2
-7.43,-19.11,2
22.93,24.96,2
-3.24,39.46,2
5.62,33.67,2
14.58,34.1,2
-54.01,-24.16,2
34.07,-14.26,2
-49.32,15.65,2
32.74,-8.31,2
-8.43,48.49,2
-22.75,-16.9,2
-36.06,19.21,2
39.36,24.87,2
42.23,-39.23,2
41.35,-15.08,2
-16.35,-31.18,2
15.31,38.37,2
-4.27,-48.42,2
22.62,-32.98,2
-32.59,41.21,2
-17.25,37.02,2
37.2,14.69,2
35.34,24.62,2
44.1,-15.44,2
-40.32,3.12,2
-1.36,-51.99,2
5.76,-21.89,2
22.41,14.85,2
42.73,-4.13,2
-24.94,-36.11,2
8.46,54.09,2
17.19,-36.56,2
34.92,-31.31,2
-1.34,-35.59,2
-28.06,-1.03,2
-39.95,-27.53,2
53.93,14.86,2
-39.86,5.13,2
-10.87,-8.37,2
-31.5,5.46,2
-4.55,-32.77,2
56.53,-16.84,2
-14.78,-33.91,2
27.48,-28.06,2
46.87,32.46,2
-36.38,-23.23,2
-6.33,41.39,2
-11.47,-3.58,2
23.78,41.69,2
-21.85,-35.66,2
28.13,27.18,2
32.13,15.61,2
-49.56,-3.43,2
-21.68,-11.76,2
-0.43,38.37,2
-19.22,10.9,2
38.26,7.73,2
10.69,45.29,2
-28.21,-44.31,2
2.47,-52.68,2
11.12,49.2,2
7.04,-40.4,2
-50.69,10.59,2
-32.51,48,2
-13.26,-26.76,2
-50.15,4.83,2
6.99,47.94,2
-33.76,24.5,2
-14.62,-42.7,2
-9.12,38.54,2
48.06,-30.52,2
21.34,-19.99,2
